{
  "alpha_completeness": 0.8212686780474572,
  "alpha_relevance": 0.8209032086305533,
  "alpha_usefulness": 0.8299768538568271,
  "kappa_accuracy": 0.79,
  "kappa_json": 0.8121367812175887
}