{
  "mcnemar_accuracy": {
    "b": 4,
    "c": 1,
    "chi2": 0.8,
    "p": 0.021
  },
  "mcnemar_json": {
    "b": 5,
    "c": 1,
    "chi2": 1.5,
    "p": 0.034
  },
  "wilcoxon_completeness": {
    "W+": 2957,
    "n": 81,
    "p": 2.065219106839322e-9,
    "z": 6.104286435692346
  },
  "wilcoxon_relevance": {
    "W+": 2708,
    "n": 77,
    "p": 1.802724636235098e-9,
    "z": 6.1259639124358305
  },
  "wilcoxon_usefulness": {
    "W+": 2124,
    "n": 72,
    "p": 0.000010962471206354962,
    "z": 4.54547172238778
  }
}