{
  "mcnemar_accuracy": {
    "b": 3,
    "c": 4,
    "chi2": 0,
    "p": 0.021
  },
  "mcnemar_json": {
    "b": 3,
    "c": 4,
    "chi2": 0,
    "p": 0.034
  },
  "wilcoxon_completeness": {
    "W+": 3874.5,
    "n": 93,
    "p": 1.9399060136038315e-10,
    "z": 6.471561252665225
  },
  "wilcoxon_relevance": {
    "W+": 3458,
    "n": 92,
    "p": 5.611488593793013e-7,
    "z": 5.136049068876393
  },
  "wilcoxon_usefulness": {
    "W+": 3882,
    "n": 93,
    "p": 1.6032197791560066e-10,
    "z": 6.5002982031655145
  }
}