{
  "alpha_completeness": 0.8170350042366067,
  "alpha_relevance": 0.8276119348709962,
  "alpha_usefulness": 0.8195073050479499,
  "kappa_accuracy": 0.79,
  "kappa_json": 0.8216612061547539
}