{
  "alpha_completeness": 0.4937679769894535,
  "alpha_relevance": 0.27576601671309176,
  "alpha_usefulness": 0.4350282485875706,
  "kappa_accuracy": 0.31428571428571417,
  "kappa_json": 0.4047619047619048
}