{
  "mcnemar_accuracy": {
    "b": 6,
    "c": 2,
    "chi2": 1.125,
    "p": 0.021
  },
  "mcnemar_json": {
    "b": 5,
    "c": 4,
    "chi2": 0,
    "p": 0.034
  },
  "wilcoxon_completeness": {
    "W+": 4377,
    "n": 100,
    "p": 3.835731732237946e-10,
    "z": 6.367777610359079
  },
  "wilcoxon_relevance": {
    "W+": 3711.5,
    "n": 94,
    "p": 4.888075277875714e-8,
    "z": 5.577212130874668
  },
  "wilcoxon_usefulness": {
    "W+": 4669,
    "n": 104,
    "p": 6.439777600064645e-10,
    "z": 6.28780359523606
  }
}