{
  "mcnemar_accuracy": {
    "b": 2,
    "c": 1,
    "chi2": 0,
    "p": 0.021
  },
  "mcnemar_json": {
    "b": 3,
    "c": 1,
    "chi2": 0.25,
    "p": 0.034
  },
  "wilcoxon_completeness": {
    "W+": 2803.5,
    "n": 78,
    "p": 6.321148049437397e-10,
    "z": 6.29069020534577
  },
  "wilcoxon_relevance": {
    "W+": 2306.5,
    "n": 74,
    "p": 0.0000014776503385327544,
    "z": 4.950869814213095
  },
  "wilcoxon_usefulness": {
    "W+": 3163.5,
    "n": 85,
    "p": 9.595735761536162e-9,
    "z": 5.854035278520933
  }
}