{
  "mcnemar_accuracy": {
    "b": 8,
    "c": 3,
    "chi2": 1.4545454545454546,
    "p": 0.22779999398822914
  },
  "mcnemar_json": {
    "b": 8,
    "c": 4,
    "chi2": 0.75,
    "p": 0.38647623077123283
  },
  "wilcoxon_completeness": {
    "W+": 4505.5,
    "n": 97,
    "p": 3.730349362740526e-14,
    "z": 7.6606403142582025
  },
  "wilcoxon_relevance": {
    "W+": 3044,
    "n": 86,
    "p": 8.694496145267294e-7,
    "z": 5.053087414888808
  },
  "wilcoxon_usefulness": {
    "W+": 4070,
    "n": 95,
    "p": 6.09619021929575e-11,
    "z": 6.644228336279832
  }
}