{
  "mcnemar_accuracy": {
    "b": 8,
    "c": 2,
    "chi2": 2.5,
    "p": 0.11384629800665813
  },
  "mcnemar_json": {
    "b": 4,
    "c": 2,
    "chi2": 0.16666666666666666,
    "p": 0.6830913983096087
  },
  "wilcoxon_completeness": {
    "W+": 4343,
    "n": 100,
    "p": 8.163212328327063e-10,
    "z": 6.250874565676462
  },
  "wilcoxon_relevance": {
    "W+": 4272.5,
    "n": 100,
    "p": 3.7455833989952225e-9,
    "z": 6.008472664202209
  },
  "wilcoxon_usefulness": {
    "W+": 3742.5,
    "n": 90,
    "p": 1.8189005857038865e-11,
    "z": 6.820152490607741
  }
}