{
  "alpha_completeness": 0.33604307207763195,
  "alpha_relevance": 0.22406077635549992,
  "alpha_usefulness": 0.3635827931644079,
  "kappa_accuracy": 0.0017916560020474776,
  "kappa_json": 0.13027108433734957
}