{
  "mcnemar_accuracy": {
    "b": 6,
    "c": 0,
    "chi2": 4.166666666666667,
    "p": 0.041226833337163704
  },
  "mcnemar_json": {
    "b": 16,
    "c": 1,
    "chi2": 11.529411764705882,
    "p": 0.0006850368653792405
  },
  "wilcoxon_completeness": {
    "W+": 6226.5,
    "n": 112,
    "p": 0,
    "z": 8.890828358963779
  },
  "wilcoxon_relevance": {
    "W+": 5900,
    "n": 110,
    "p": 0,
    "z": 8.492105576113449
  },
  "wilcoxon_usefulness": {
    "W+": 6165.5,
    "n": 111,
    "p": 0,
    "z": 8.995993942135737
  }
}