{
  "mcnemar_accuracy": {
    "b": 4,
    "c": 1,
    "chi2": 0.8,
    "p": 0.37109336952269767
  },
  "mcnemar_json": {
    "b": 18,
    "c": 3,
    "chi2": 9.333333333333334,
    "p": 0.0022502265680857114
  },
  "wilcoxon_completeness": {
    "W+": 5742,
    "n": 107,
    "p": 0,
    "z": 8.867156957332883
  },
  "wilcoxon_relevance": {
    "W+": 5066,
    "n": 101,
    "p": 0,
    "z": 8.436909200821004
  },
  "wilcoxon_usefulness": {
    "W+": 5388,
    "n": 105,
    "p": 0,
    "z": 8.329288185863607
  }
}