{
  "mcnemar_accuracy": {
    "b": 5,
    "c": 1,
    "chi2": 1.5,
    "p": 0.22067136191984682
  },
  "mcnemar_json": {
    "b": 20,
    "c": 0,
    "chi2": 18.05,
    "p": 0.000021517864378095553
  },
  "wilcoxon_completeness": {
    "W+": 5687,
    "n": 107,
    "p": 0,
    "z": 8.696216321982968
  },
  "wilcoxon_relevance": {
    "W+": 5046,
    "n": 101,
    "p": 0,
    "z": 8.369156466825252
  },
  "wilcoxon_usefulness": {
    "W+": 6032,
    "n": 110,
    "p": 0,
    "z": 8.88576946936963
  }
}