{
  "alpha_completeness": 0.34145002947214387,
  "alpha_relevance": 0.32867132867132876,
  "alpha_usefulness": 0.3899385385841111,
  "kappa_accuracy": 0.03526093088857555,
  "kappa_json": 0.044444444444444585
}