{
  "alpha_completeness": 0.2555555555555553,
  "alpha_relevance": 0.3792540157909067,
  "alpha_usefulness": 0.24310118265440195,
  "kappa_accuracy": -0.06730769230769246,
  "kappa_json": 0.12755383765875172
}