{
  "alpha_completeness": 0.8059117926731982,
  "alpha_relevance": 0.8241372484831145,
  "alpha_usefulness": 0.8071595791126945,
  "kappa_accuracy": 0.79,
  "kappa_json": 0.8128823975443416
}