{
  "alpha_completeness": 0.8096385056640566,
  "alpha_relevance": 0.8014061561692845,
  "alpha_usefulness": 0.816956500006596,
  "kappa_accuracy": 0.79,
  "kappa_json": 0.8013248669938223
}