{
  "mcnemar_accuracy": {
    "b": 3,
    "c": 1,
    "chi2": 0.25,
    "p": 0.6170750774519738
  },
  "mcnemar_json": {
    "b": 2,
    "c": 2,
    "chi2": 0.25,
    "p": 0.6170750774519738
  },
  "wilcoxon_completeness": {
    "W+": 4099.5,
    "n": 96,
    "p": 1.9137536000357613e-10,
    "z": 6.473611601026296
  },
  "wilcoxon_relevance": {
    "W+": 4069,
    "n": 96,
    "p": 3.9788483618963255e-10,
    "z": 6.362155121302163
  },
  "wilcoxon_usefulness": {
    "W+": 4875,
    "n": 102,
    "p": 1.2212453270876722e-13,
    "z": 7.505901899816256
  }
}