{
  "alpha_completeness": 0.8111964579127409,
  "alpha_relevance": 0.8106737892685216,
  "alpha_usefulness": 0.818624089142495,
  "kappa_accuracy": 0.79,
  "kappa_json": 0.8047389923866061
}