{
  "alpha_completeness": 0.8067984240405265,
  "alpha_relevance": 0.8242258256625378,
  "alpha_usefulness": 0.8255395402636206,
  "kappa_accuracy": 0.79,
  "kappa_json": 0.806060870877972
}