{
  "alpha_completeness": 0.2582571206955646,
  "alpha_relevance": 0.04677846425419263,
  "alpha_usefulness": 0.09334923948702667,
  "kappa_accuracy": 0.07103825136612005,
  "kappa_json": 0.0401010419955793
}