{
  "mcnemar_accuracy": {
    "b": 1,
    "c": 1,
    "chi2": 0.5,
    "p": 0.4795001221869535
  },
  "mcnemar_json": {
    "b": 7,
    "c": 0,
    "chi2": 5.142857142857143,
    "p": 0.023342202012890834
  },
  "wilcoxon_completeness": {
    "W+": 190,
    "n": 19,
    "p": 0.00026366777796571483,
    "z": 3.8230072737812852
  },
  "wilcoxon_relevance": {
    "W+": 164,
    "n": 18,
    "p": 0.0012584076616226625,
    "z": 3.418702917028336
  },
  "wilcoxon_usefulness": {
    "W+": 171,
    "n": 18,
    "p": 0.0003928734524247801,
    "z": 3.7235554064448757
  }
}